role,turn_count,symbol,turn_prob,is_active
Sheldon,1886,·,0.0308,1
Sheldon,1886,...,0.0101,1
Sheldon,1886,multi-!,0.0005,1
凉宫春日,770,...,0.0091,1
凉宫春日,770,·,0.0013,1
李云龙,1782,?!,0.0056,1
李云龙,1782,...,0.0017,1
沐雪,2721,...,0.1246,1
沐雪,2721,⭐,0.0265,1
沐雪,2721,?!,0.0022,1
沐雪,2721,multi-!,0.0015,1
沐雪,2721,▽,0.0015,1
沐雪,2721,·,0.0011,1
沐雪,2721,∠,0.0011,1
沐雪,2721,⌒,0.0011,1
沐雪,2721,★,0.0011,1
沐雪,2721,•,0.0007,1
沐雪,2721,≦,0.0007,1
沐雪,2721,≧,0.0007,1
沐雪,2721,♪,0.0007,1
沐雪,2721,❤,0.0007,1
沐雪,2721,・,0.0007,1
神里绫华,991,⋯,0.0131,1
神里绫华,991,...,0.004,1
胡桃,591,...,0.0169,1
胡桃,591,♪,0.0085,1
钟离,359,...,0.0279,1
