N,mean,std,count,se,ci95_low,ci95_high,metric
10,0.975327734152476,0.004533976146100187,30,0.0008277870034698037,0.9737052716256752,0.9769501966792767,cos_lexical
25,0.9824266692002614,0.003424089111700074,30,0.000625150281795319,0.9812013746479427,0.9836519637525802,cos_lexical
50,0.9859863499800364,0.0030023851092143266,30,0.0005481580168780995,0.9849119602669554,0.9870607396931175,cos_lexical
100,0.9885392665863038,0.0026840701025981897,30,0.000490041913706078,0.9875787844354399,0.9894997487371676,cos_lexical
200,0.99082710146904,0.002921562521020448,30,0.0005334018986415201,0.9897816337477026,0.9918725691903774,cos_lexical
10,0.9712099234263102,0.005929662903226676,30,0.001082603376832941,0.9690880208077176,0.9733318260449028,cos_pragmatic
25,0.9839333911736806,0.0037721608741225535,30,0.000688699200431776,0.9825835407408343,0.9852832416065269,cos_pragmatic
50,0.9897548894087473,0.0026335696895162302,30,0.0004808218419033053,0.9888124785986169,0.9906973002188778,cos_pragmatic
100,0.9939284125963846,0.0012976409088612149,30,0.00023691573244159758,0.9934640577607992,0.9943927674319701,cos_pragmatic
200,0.996535078684489,0.001112817481556442,30,0.00020317174567818414,0.9961368620629597,0.9969332953060183,cos_pragmatic
10,0.9669270992279053,0.017360268075106045,30,0.00316953680969079,0.9607148070809114,0.9731393913748992,cos_syntactic
25,0.9881451249122619,0.005012210842834313,30,0.0009151003138641114,0.9863515282970883,0.9899387215274356,cos_syntactic
50,0.9928127447764079,0.003517669583281699,30,0.0006422356602043947,0.9915539628824073,0.9940715266704085,cos_syntactic
100,0.9966589033603668,0.0018350083157652364,30,0.00033502514925139426,0.996002254067834,0.9973155526528995,cos_syntactic
200,0.9981791059176127,0.0009887490615736628,30,0.0001805200549119865,0.9978252866099853,0.9985329252252402,cos_syntactic
10,0.9729074994723003,0.004089042680960462,30,0.0007465536383211484,0.9714442543411909,0.9743707446034097,cos_S
25,0.9834063589572907,0.002317690831260219,30,0.00042315051653470716,0.9825769839448827,0.9842357339696987,cos_S
50,0.9881018400192261,0.001733972585715905,30,0.00031657863309738715,0.9874813458983552,0.9887223341400969,cos_S
100,0.9914881229400635,0.0013668065979671653,30,0.00024954360181783707,0.9909990174805006,0.9919772283996264,cos_S
200,0.9938917259375254,0.0014311031830304623,30,0.0002612824984877429,0.9933796122404894,0.9944038396345614,cos_S
