N,repeat,seed,cos_lexical,cos_pragmatic,cos_syntactic,cos_S
10,0,11000,0.9770538806915283,0.971025824546814,0.9651339650154114,0.9735643267631531
10,1,11001,0.9772852659225464,0.964525580406189,0.9617456793785095,0.9704662561416626
10,2,11002,0.9753074645996094,0.955246090888977,0.9655149579048157,0.965273380279541
10,3,11003,0.9697977304458618,0.9682846069335938,0.9222269058227539,0.9667086601257324
10,4,11004,0.9809651374816895,0.9781452417373657,0.9711178541183472,0.9791033864021301
10,5,11005,0.9796167016029358,0.9638693928718567,0.9377199411392212,0.9700857400894165
10,6,11006,0.9706857800483704,0.9628819227218628,0.9505118727684021,0.9658343195915222
10,7,11007,0.9804691672325134,0.9704126119613647,0.9811369180679321,0.9756456613540649
10,8,11008,0.9714689254760742,0.9610287547111511,0.9563060402870178,0.9657150506973267
10,9,11009,0.9664639234542847,0.9661263227462769,0.9599196910858154,0.965957760810852
10,10,11010,0.9783939123153687,0.9762048721313477,0.9672005772590637,0.9767090082168579
10,11,11011,0.9747371673583984,0.9739509224891663,0.9424275755882263,0.9726993441581726
10,12,11012,0.9770124554634094,0.9678144454956055,0.9819571375846863,0.9728607535362244
10,13,11013,0.9768403768539429,0.9768545031547546,0.961323618888855,0.9757459759712219
10,14,11014,0.9776995778083801,0.970507025718689,0.987481415271759,0.9747245907783508
10,15,11015,0.9759351015090942,0.9696642160415649,0.9789398908615112,0.9730724692344666
10,16,11016,0.9721678495407104,0.9682615995407104,0.9855429530143738,0.9709349870681763
10,17,11017,0.9618118405342102,0.9763669967651367,0.9501143097877502,0.9681684374809265
10,18,11018,0.9769788384437561,0.9783689975738525,0.9932248592376709,0.9783958792686462
10,19,11019,0.9742777347564697,0.969987154006958,0.9806696176528931,0.9724758863449097
10,20,11020,0.9799339175224304,0.971737802028656,0.9843178391456604,0.9762235879898071
10,21,11021,0.9755606055259705,0.9801888465881348,0.9898061156272888,0.978436291217804
10,22,11022,0.9802758693695068,0.9677661657333374,0.949185311794281,0.9727597832679749
10,23,11023,0.9709736108779907,0.9768344163894653,0.9702277779579163,0.973725438117981
10,24,11024,0.9714537858963013,0.9739413857460022,0.9652524590492249,0.9723021984100342
10,25,11025,0.9768848419189453,0.9779725670814514,0.950994074344635,0.9759836792945862
10,26,11026,0.9756826758384705,0.9765580892562866,0.9710986018180847,0.9758286476135254
10,27,11027,0.9754024744033813,0.9710730910301208,0.9897245168685913,0.9739935398101807
10,28,11028,0.9751535654067993,0.9765386581420898,0.9811762571334839,0.9760708808898926
10,29,11029,0.9835418462753296,0.9741595983505249,0.9558142423629761,0.977759063243866
25,0,12500,0.9882043600082397,0.9830596446990967,0.9932177066802979,0.9859897494316101
25,1,12501,0.9766104221343994,0.9858130216598511,0.9857710003852844,0.9814266562461853
25,2,12502,0.986121654510498,0.9848549365997314,0.9859284162521362,0.985451340675354
25,3,12503,0.9787620306015015,0.9857370257377625,0.9820254445075989,0.9822344183921814
25,4,12504,0.9803498387336731,0.9878301620483398,0.9828943610191345,0.984027624130249
25,5,12505,0.9824663996696472,0.9855507612228394,0.9955199956893921,0.9845513105392456
25,6,12506,0.9860561490058899,0.9890062808990479,0.9853816628456116,0.9874080419540405
25,7,12507,0.9876651763916016,0.9773175716400146,0.9811425805091858,0.9824245572090149
25,8,12508,0.9790753126144409,0.9916864037513733,0.9837726950645447,0.9852908253669739
25,9,12509,0.9821276068687439,0.9763102531433105,0.9867133498191833,0.9795623421669006
25,10,12510,0.9828155040740967,0.982646107673645,0.9858110547065735,0.9828726649284363
25,11,12511,0.9853472709655762,0.9834592342376709,0.976720929145813,0.9840206503868103
25,12,12512,0.9793697595596313,0.9798575639724731,0.9940612316131592,0.9802955389022827
25,13,12513,0.981824517250061,0.986111044883728,0.9888381361961365,0.9841898679733276
25,14,12514,0.9819021224975586,0.9786538481712341,0.9861533641815186,0.9805526733398438
25,15,12515,0.9791913628578186,0.985508918762207,0.9931560754776001,0.9828541278839111
25,16,12516,0.9847782850265503,0.9852866530418396,0.9938161373138428,0.9854469299316406
25,17,12517,0.9888055324554443,0.9853485822677612,0.9925854206085205,0.9873361587524414
25,18,12518,0.9797969460487366,0.9803217053413391,0.9948130249977112,0.9807354211807251
25,19,12519,0.9822940826416016,0.9837603569030762,0.9910181760787964,0.9834025502204895
25,20,12520,0.9788485765457153,0.9763427972793579,0.9772549867630005,0.9775776863098145
25,21,12521,0.977899968624115,0.9863657355308533,0.991527795791626,0.9825744032859802
25,22,12522,0.9800441265106201,0.9814857840538025,0.9907354116439819,0.9812354445457458
25,23,12523,0.9796877503395081,0.9880592823028564,0.9860987663269043,0.9839780926704407
25,24,12524,0.9868810176849365,0.9857705235481262,0.989841878414154,0.9864806532859802
25,25,12525,0.9854967594146729,0.986583948135376,0.9867479205131531,0.9860711097717285
25,26,12526,0.9813035726547241,0.985226035118103,0.9934520721435547,0.9837451577186584
25,27,12527,0.9786197543144226,0.9876498579978943,0.9895508289337158,0.9834233522415161
25,28,12528,0.9851946830749512,0.9818452596664429,0.987923264503479,0.9837267994880676
25,29,12529,0.9852595329284668,0.9805524349212646,0.9918800592422485,0.9833046197891235
50,0,15000,0.9869706630706787,0.9902645349502563,0.9939974546432495,0.9888705611228943
50,1,15001,0.9884535670280457,0.9894735813140869,0.9925441741943359,0.9891319870948792
50,2,15002,0.9856736660003662,0.9924607276916504,0.9929655194282532,0.989250659942627
50,3,15003,0.9883058071136475,0.985048234462738,0.9903822541236877,0.9868387579917908
50,4,15004,0.984037458896637,0.9854617118835449,0.9958067536354065,0.9852716326713562
50,5,15005,0.9863289594650269,0.9908603429794312,0.9955382943153381,0.9889222383499146
50,6,15006,0.9908320903778076,0.9914506673812866,0.9903103709220886,0.9910985827445984
50,7,15007,0.980134904384613,0.9926510453224182,0.9914370775222778,0.9866307377815247
50,8,15008,0.9832371473312378,0.9857949018478394,0.9912404417991638,0.9848329424858093
50,9,15009,0.9912885427474976,0.9890214204788208,0.9809439182281494,0.9897094964981079
50,10,15010,0.9900816082954407,0.9911737442016602,0.9923537969589233,0.9907006621360779
50,11,15011,0.9882262945175171,0.993497371673584,0.9902056455612183,0.9908272624015808
50,12,15012,0.9863094091415405,0.9894531965255737,0.9907248616218567,0.9880151748657227
50,13,15013,0.9820088148117065,0.9902248382568359,0.9984124898910522,0.9866980314254761
50,14,15014,0.9872553944587708,0.9918985366821289,0.991602897644043,0.9896711707115173
50,15,15015,0.9853155612945557,0.990759551525116,0.9939869046211243,0.9883174896240234
50,16,15016,0.9878023266792297,0.989903450012207,0.996001124382019,0.9891899824142456
50,17,15017,0.9843988418579102,0.9927729368209839,0.9870595335960388,0.9885132312774658
50,18,15018,0.9807574152946472,0.9917851686477661,0.99739009141922,0.9867950081825256
50,19,15019,0.9869146943092346,0.990074872970581,0.990920901298523,0.9886088371276855
50,20,15020,0.9867889881134033,0.9895690083503723,0.9949363470077515,0.9884976148605347
50,21,15021,0.9872651696205139,0.9919726252555847,0.9931700825691223,0.9897831082344055
50,22,15022,0.9870622158050537,0.9874016642570496,0.9957542419433594,0.9876292943954468
50,23,15023,0.97838294506073,0.9927191138267517,0.994407057762146,0.9859662652015686
50,24,15024,0.9835362434387207,0.9870285987854004,0.9964494109153748,0.9858091473579407
50,25,15025,0.986179530620575,0.9874535202980042,0.9939503073692322,0.9871528744697571
50,26,15026,0.9867902994155884,0.98349928855896,0.9962663650512695,0.9856695532798767
50,27,15027,0.9879401922225952,0.992596447467804,0.9944363236427307,0.9904646873474121
50,28,15028,0.9839519262313843,0.9897321462631226,0.9878165125846863,0.9868866801261902
50,29,15029,0.9873598217964172,0.9866434335708618,0.9933711886405945,0.9873015284538269
100,0,20000,0.9903090596199036,0.9937517642974854,0.9978013634681702,0.992302417755127
100,1,20001,0.990161120891571,0.9940512180328369,0.9975947141647339,0.9923637509346008
100,2,20002,0.9894922375679016,0.9928964376449585,0.9965935945510864,0.9914456605911255
100,3,20003,0.9941401481628418,0.9950156807899475,0.9931051731109619,0.9945080876350403
100,4,20004,0.9840371012687683,0.994287371635437,0.9975265860557556,0.9895550608634949
100,5,20005,0.9896988868713379,0.9926698207855225,0.9945663213729858,0.9913420081138611
100,6,20006,0.9846240878105164,0.9942653179168701,0.9975491166114807,0.9898254871368408
100,7,20007,0.9911683797836304,0.9937958717346191,0.9976819157600403,0.9927270412445068
100,8,20008,0.988288164138794,0.9936397075653076,0.9976329803466797,0.9912773966789246
100,9,20009,0.9904001951217651,0.9926018118858337,0.9978213906288147,0.991797924041748
100,10,20010,0.986082136631012,0.9938237071037292,0.9988285303115845,0.9903706908226013
100,11,20011,0.9916372299194336,0.9949824213981628,0.9928378462791443,0.9932872653007507
100,12,20012,0.9864280223846436,0.9950260519981384,0.9933599829673767,0.9908480048179626
100,13,20013,0.9879156351089478,0.9943804144859314,0.9951224327087402,0.9913352131843567
100,14,20014,0.9890251755714417,0.9937899708747864,0.9947024583816528,0.9915542602539062
100,15,20015,0.9868555068969727,0.9921342134475708,0.9973545670509338,0.9898656606674194
100,16,20016,0.9867987632751465,0.9940412640571594,0.9965866208076477,0.9907104969024658
100,17,20017,0.9919628500938416,0.995517373085022,0.9939952492713928,0.9937509894371033
100,18,20018,0.9915595650672913,0.9928389191627502,0.9988565444946289,0.9925127625465393
100,19,20019,0.9889785051345825,0.989588737487793,0.9940069913864136,0.9895047545433044
100,20,20020,0.9862779974937439,0.9956319332122803,0.9986844658851624,0.9913198947906494
100,21,20021,0.9891074299812317,0.9948844313621521,0.9956614375114441,0.9921668171882629
100,22,20022,0.9868143796920776,0.9929835200309753,0.9970431923866272,0.9902329444885254
100,23,20023,0.9871234893798828,0.9950917363166809,0.9980823397636414,0.9914343357086182
100,24,20024,0.9891061782836914,0.9947562217712402,0.9972789883613586,0.9921831488609314
100,25,20025,0.9820875525474548,0.9940346479415894,0.9986862540245056,0.9885569214820862
100,26,20026,0.9862706661224365,0.9946280121803284,0.9976428747177124,0.9907869696617126
100,27,20027,0.9871019721031189,0.99448561668396,0.9982172250747681,0.9911421537399292
100,28,20028,0.9909358024597168,0.9959846138954163,0.998263955116272,0.9936855435371399
100,29,20029,0.9917897582054138,0.9922735691070557,0.9966819882392883,0.9922500252723694
200,0,30000,0.9927997589111328,0.9974907636642456,0.9983628392219543,0.9952956438064575
200,1,30001,0.9911658763885498,0.9968482255935669,0.9977251291275024,0.9941819906234741
200,2,30002,0.9902652502059937,0.9952892661094666,0.998908281326294,0.9930657744407654
200,3,30003,0.9888972043991089,0.9978411793708801,0.9983725547790527,0.9936048984527588
200,4,30004,0.9930687546730042,0.9952397346496582,0.9988532662391663,0.9943753480911255
200,5,30005,0.9909141659736633,0.9942537546157837,0.9985141158103943,0.9928635358810425
200,6,30006,0.9931813478469849,0.9953187108039856,0.9984768033027649,0.994448721408844
200,7,30007,0.9965739846229553,0.9952200651168823,0.9983890056610107,0.9960135221481323
200,8,30008,0.9889401793479919,0.9953604340553284,0.9987344741821289,0.9924607276916504
200,9,30009,0.9956778883934021,0.9975249171257019,0.996968150138855,0.9966141581535339
200,10,30010,0.991568386554718,0.9975907802581787,0.9967824220657349,0.9946824312210083
200,11,30011,0.991672694683075,0.9967690110206604,0.9991743564605713,0.9944472908973694
200,12,30012,0.9945889115333557,0.9969404935836792,0.9978470206260681,0.9958623647689819
200,13,30013,0.9931127429008484,0.9972677230834961,0.9991695284843445,0.9953773021697998
200,14,30014,0.9955909252166748,0.9953945875167847,0.9971163868904114,0.9955689311027527
200,15,30015,0.9855278730392456,0.9971473813056946,0.9979498386383057,0.9916470646858215
200,16,30016,0.9924060106277466,0.9952784180641174,0.9959576725959778,0.9939412474632263
200,17,30017,0.9894174337387085,0.9958832859992981,0.9985593557357788,0.9929263591766357
200,18,30018,0.987930178642273,0.9973859190940857,0.9995060563087463,0.9929808974266052
200,19,30019,0.9916114807128906,0.9978458881378174,0.9991384744644165,0.9949320554733276
200,20,30020,0.9917887449264526,0.9978902339935303,0.9984652996063232,0.9950097799301147
200,21,30021,0.9909781813621521,0.9954607486724854,0.9967383742332458,0.9933847784996033
200,22,30022,0.9913102388381958,0.9975254535675049,0.9971318244934082,0.994545578956604
200,23,30023,0.9892553091049194,0.9970027804374695,0.9981674551963806,0.9933656454086304
200,24,30024,0.987838864326477,0.9952842593193054,0.9978887438774109,0.9918593764305115
200,25,30025,0.9891542196273804,0.9982975721359253,0.999238133430481,0.9939855933189392
200,26,30026,0.9902222752571106,0.996985912322998,0.9989035725593567,0.9938536882400513
200,27,30027,0.9880557060241699,0.9961849451065063,0.9959657192230225,0.9922962188720703
200,28,30028,0.9837996959686279,0.9957883358001709,0.9988772869110107,0.9902189373970032
200,29,30029,0.9874987602233887,0.9977415800094604,0.9994910359382629,0.9929419159889221
