role,avg_utterance_len,MDD,verb_noun_ratio,question_ratio,imperative_ratio,fragment_ratio,marker_density,punc_intensity
神里绫华,41.556405353728486,4.283725581172584,1.0027998950039374,0.06157317859445519,0.009026434558349452,0.018052869116698903,0.11567877629063097,0.0038240917782026767
芙莉莲,9.08,4.126499342762501,1.8285714285714285,0.04,0.0,0.0,0.22,0.0
凉宫春日,29.180555555555557,4.313969028884231,1.2682210031347962,0.16342236306020824,0.01403349932095971,0.0647351742870077,0.2556818181818182,0.008838383838383838
胡桃,43.698234349919744,4.509815659897434,1.2681073780178964,0.10340196956132498,0.017009847806624886,0.047000895255147716,0.48314606741573035,0.016051364365971106
李云龙,37.71989247311828,4.314205054828525,1.3896162238480299,0.19621087314662272,0.04991762767710049,0.05881383855024712,0.09838709677419355,0.006989247311827957
沐雪,16.22337383845604,4.210867715264306,1.6558567279767666,0.1748219618653802,0.023202389156903286,0.050769584194808176,0.25607576840600427,0.12473195139385275
Sheldon,34.30861723446894,4.228444548335784,0.9270047580364396,0.13370184833304544,0.021938158576610814,0.04266712731041631,0.280811623246493,0.010020040080160322
孙悟空,21.88,4.279716161221877,1.4413553431798436,0.1559633027522936,0.016231474947071278,0.03599153140437544,0.13214285714285715,0.0
钟离,39.66062176165803,4.259045050042152,0.927587012380285,0.1020066889632107,0.013377926421404682,0.05016722408026756,0.08937823834196891,0.025906735751295335
